{
  "project_info": {
    "project_number": "757540117670",
    "firebase_url": "https://fir-loginlogout-af8b2-default-rtdb.firebaseio.com",
    "project_id": "fir-loginlogout-af8b2",
    "storage_bucket": "fir-loginlogout-af8b2.appspot.com"
  },
  "client": [
    {
      "client_info": {
        "mobilesdk_app_id": "1:757540117670:android:344af3202cec55f94ae867",
        "android_client_info": {
          "package_name": "com.example.firebaseloginlogout"
        }
      },
      "oauth_client": [
        {
          "client_id": "757540117670-njn0qm1ecfki2c0r796v8r95p08t2581.apps.googleusercontent.com",
          "client_type": 1,
          "android_info": {
            "package_name": "com.example.firebaseloginlogout",
            "certificate_hash": "dc0fbd1a0bb8d6e3bc6ad9fdef2c45fe01115cb1"
          }
        },
        {
          "client_id": "757540117670-iubpj9rdkjnsk0bj2gf3gsbdu9m9d0vk.apps.googleusercontent.com",
          "client_type": 3
        }
      ],
      "api_key": [
        {
          "current_key": "AIzaSyDN1ZQ7ll4P04_9onxjXrvc3w1gl1PwDkQ"
        }
      ],
      "services": {
        "appinvite_service": {
          "other_platform_oauth_client": [
            {
              "client_id": "757540117670-iubpj9rdkjnsk0bj2gf3gsbdu9m9d0vk.apps.googleusercontent.com",
              "client_type": 3
            }
          ]
        }
      }
    }
  ],
  "configuration_version": "1"
}